{
	"partitions" : [
		{
			"name" : "Top",
			"pins" : [
				{
					"name" : "IR[0]",
					"strict" : false
				},
				{
					"name" : "IR[1]",
					"strict" : false
				},
				{
					"name" : "IR[2]",
					"strict" : false
				},
				{
					"name" : "IR[3]",
					"strict" : false
				},
				{
					"name" : "IR[4]",
					"strict" : false
				},
				{
					"name" : "IR[5]",
					"strict" : false
				},
				{
					"name" : "IR[6]",
					"strict" : false
				},
				{
					"name" : "IR[7]",
					"strict" : false
				},
				{
					"name" : "IR[8]",
					"strict" : false
				},
				{
					"name" : "IR[9]",
					"strict" : false
				},
				{
					"name" : "IR[10]",
					"strict" : false
				},
				{
					"name" : "IR[11]",
					"strict" : false
				},
				{
					"name" : "IR[12]",
					"strict" : false
				},
				{
					"name" : "IR[13]",
					"strict" : false
				},
				{
					"name" : "IR[14]",
					"strict" : false
				},
				{
					"name" : "IR[15]",
					"strict" : false
				},
				{
					"name" : "E",
					"strict" : false
				},
				{
					"name" : "AC[0]",
					"strict" : false
				},
				{
					"name" : "AC[1]",
					"strict" : false
				},
				{
					"name" : "AC[2]",
					"strict" : false
				},
				{
					"name" : "AC[3]",
					"strict" : false
				},
				{
					"name" : "AC[4]",
					"strict" : false
				},
				{
					"name" : "AC[5]",
					"strict" : false
				},
				{
					"name" : "AC[6]",
					"strict" : false
				},
				{
					"name" : "AC[7]",
					"strict" : false
				},
				{
					"name" : "AC[8]",
					"strict" : false
				},
				{
					"name" : "AC[9]",
					"strict" : false
				},
				{
					"name" : "AC[10]",
					"strict" : false
				},
				{
					"name" : "AC[11]",
					"strict" : false
				},
				{
					"name" : "AC[12]",
					"strict" : false
				},
				{
					"name" : "AC[13]",
					"strict" : false
				},
				{
					"name" : "AC[14]",
					"strict" : false
				},
				{
					"name" : "AC[15]",
					"strict" : false
				},
				{
					"name" : "timer[0]",
					"strict" : false
				},
				{
					"name" : "timer[1]",
					"strict" : false
				},
				{
					"name" : "timer[2]",
					"strict" : false
				},
				{
					"name" : "timer[3]",
					"strict" : false
				},
				{
					"name" : "decoder[0]",
					"strict" : false
				},
				{
					"name" : "decoder[1]",
					"strict" : false
				},
				{
					"name" : "decoder[2]",
					"strict" : false
				},
				{
					"name" : "DR[0]",
					"strict" : false
				},
				{
					"name" : "DR[1]",
					"strict" : false
				},
				{
					"name" : "DR[2]",
					"strict" : false
				},
				{
					"name" : "DR[3]",
					"strict" : false
				},
				{
					"name" : "DR[4]",
					"strict" : false
				},
				{
					"name" : "DR[5]",
					"strict" : false
				},
				{
					"name" : "DR[6]",
					"strict" : false
				},
				{
					"name" : "DR[7]",
					"strict" : false
				},
				{
					"name" : "DR[8]",
					"strict" : false
				},
				{
					"name" : "DR[9]",
					"strict" : false
				},
				{
					"name" : "DR[10]",
					"strict" : false
				},
				{
					"name" : "DR[11]",
					"strict" : false
				},
				{
					"name" : "DR[12]",
					"strict" : false
				},
				{
					"name" : "DR[13]",
					"strict" : false
				},
				{
					"name" : "DR[14]",
					"strict" : false
				},
				{
					"name" : "DR[15]",
					"strict" : false
				},
				{
					"name" : "PC[0]",
					"strict" : false
				},
				{
					"name" : "PC[1]",
					"strict" : false
				},
				{
					"name" : "PC[2]",
					"strict" : false
				},
				{
					"name" : "PC[3]",
					"strict" : false
				},
				{
					"name" : "PC[4]",
					"strict" : false
				},
				{
					"name" : "PC[5]",
					"strict" : false
				},
				{
					"name" : "PC[6]",
					"strict" : false
				},
				{
					"name" : "PC[7]",
					"strict" : false
				},
				{
					"name" : "PC[8]",
					"strict" : false
				},
				{
					"name" : "PC[9]",
					"strict" : false
				},
				{
					"name" : "PC[10]",
					"strict" : false
				},
				{
					"name" : "PC[11]",
					"strict" : false
				},
				{
					"name" : "AR[0]",
					"strict" : false
				},
				{
					"name" : "AR[1]",
					"strict" : false
				},
				{
					"name" : "AR[2]",
					"strict" : false
				},
				{
					"name" : "AR[3]",
					"strict" : false
				},
				{
					"name" : "AR[4]",
					"strict" : false
				},
				{
					"name" : "AR[5]",
					"strict" : false
				},
				{
					"name" : "AR[6]",
					"strict" : false
				},
				{
					"name" : "AR[7]",
					"strict" : false
				},
				{
					"name" : "AR[8]",
					"strict" : false
				},
				{
					"name" : "AR[9]",
					"strict" : false
				},
				{
					"name" : "AR[10]",
					"strict" : false
				},
				{
					"name" : "AR[11]",
					"strict" : false
				},
				{
					"name" : "I",
					"strict" : false
				},
				{
					"name" : "clk",
					"strict" : false
				}
			]
		}
	]
}